match_id,side,team,player_name,player_slug,player_shortName,player_position,player_jerseyNumber,player_height,player_userCount,player_gender,player_id,player_marketValueCurrency,player_dateOfBirthTimestamp,position,shirtNumber,jerseyNumber,substitute,stat_totalPass,stat_accuratePass,stat_totalLongBalls,stat_accurateLongBalls,stat_accurateOwnHalfPasses,stat_totalOwnHalfPasses,stat_accurateOppositionHalfPasses,stat_totalOppositionHalfPasses,stat_ballRecovery,stat_goodHighClaim,stat_savedShotsFromInsideTheBox,stat_saves,stat_totalKeeperSweeper,stat_accurateKeeperSweeper,stat_minutesPlayed,stat_touches,stat_rating,stat_possessionLostCtrl,stat_totalShots,stat_totalCross,stat_accurateCross,stat_aerialLost,stat_duelLost,stat_duelWon,stat_challengeLost,stat_totalContest,stat_wonContest,stat_totalTackle,stat_wonTackle,stat_unsuccessfulTouch,stat_wasFouled,stat_fouls,stat_keyPass,captain,stat_aerialWon,stat_totalClearance,stat_outfielderBlock,stat_interceptionWon,player_firstName,player_lastName,stat_dispossessed,stat_goalAssist,stat_bigChanceCreated,stat_onTargetScoringAttempt,stat_shotOffTarget,stat_blockedScoringAttempt,stat_totalOffside,stat_goals
10437221,home,Milton Keynes Dons,Jamie Cumming,jamie-cumming,J. Cumming,G,1,185.0,226,M,836696,EUR,936403200,G,1,1,False,40.0,34.0,11.0,6.0,33.0,36.0,1.0,4.0,11.0,1.0,1.0,4.0,1.0,1.0,90.0,54.0,7.9,6.0,0,,,,,,,,,,,,,,,,,,,,,,,,,,,,,
10437221,home,Milton Keynes Dons,Henry Lawrence,henry-lawrence,H. Lawrence,D,18,171.0,129,M,976265,EUR,1001030400,D,22,22,False,41.0,35.0,6.0,4.0,14.0,15.0,22.0,29.0,2.0,,,,,,90.0,58.0,7.2,10.0,0,3.0,1.0,3.0,6.0,5.0,1.0,2.0,2.0,1.0,1.0,1.0,2.0,2.0,1.0,,,,,,,,,,,,,,,
10437221,home,Milton Keynes Dons,Warren O'Hora,warren-ohora,W. O'Hora,D,5,188.0,69,M,970352,EUR,924480000,D,5,5,False,79.0,74.0,2.0,1.0,56.0,58.0,18.0,21.0,2.0,,,,,,90.0,91.0,7.6,5.0,0,,,6.0,6.0,13.0,,1.0,1.0,1.0,1.0,,4.0,,,True,7.0,2.0,1.0,1.0,,,,,,,,,,
10437221,home,Milton Keynes Dons,Jack Tucker,tucker-jack,J. Tucker,D,5,192.0,39,M,906660,EUR,942451200,D,4,4,False,91.0,72.0,9.0,1.0,57.0,63.0,15.0,28.0,7.0,,,,,,90.0,108.0,7.4,20.0,0,,,,2.0,12.0,,1.0,1.0,1.0,1.0,,2.0,1.0,,,8.0,7.0,1.0,2.0,Jack,Tucker,1.0,,,,,,,
10437221,home,Milton Keynes Dons,Zak Jules,zak-jules,Z. Jules,D,3,190.0,13,M,556774,EUR,867801600,D,33,33,False,55.0,37.0,6.0,1.0,27.0,34.0,11.0,22.0,9.0,,,,,,90.0,85.0,7.0,27.0,0,1.0,1.0,2.0,7.0,11.0,,2.0,,2.0,2.0,3.0,1.0,1.0,,,8.0,7.0,,2.0,,,2.0,,,,,,,
10437221,home,Milton Keynes Dons,Dawson Devoy,dawson-devoy,D. Devoy,M,10,177.0,99,M,985462,EUR,1006214400,M,28,28,False,48.0,40.0,4.0,3.0,18.0,21.0,23.0,29.0,5.0,,,,,,90.0,64.0,7.8,11.0,1,2.0,1.0,,1.0,5.0,,,,3.0,1.0,,1.0,,4.0,,1.0,1.0,,,,,1.0,1.0,1.0,1.0,,,,
10437221,home,Milton Keynes Dons,Ethan Robson,ethan-robson,E. Robson,M,20,178.0,20,M,848455,EUR,846201600,M,8,8,False,62.0,51.0,9.0,5.0,22.0,23.0,29.0,41.0,8.0,,,,,,78.0,74.0,6.7,16.0,0,2.0,,,4.0,1.0,1.0,1.0,,,,,,,2.0,,1.0,2.0,,1.0,,,2.0,,,,,,,
10437221,home,Milton Keynes Dons,Daniel Kemp,daniel-kemp,D. Kemp,M,10,161.0,85,M,882024,EUR,916012800,M,17,17,False,30.0,22.0,2.0,,5.0,7.0,17.0,27.0,8.0,,,,,,89.0,44.0,7.2,14.0,3,4.0,,,2.0,2.0,,3.0,1.0,1.0,,,,,2.0,,,,,1.0,,,,,,1.0,1.0,1.0,1.0,
10437221,home,Milton Keynes Dons,Conor Grant,conor-grant,C. Grant,F,11,178.0,59,M,988332,EUR,995846400,M,16,16,False,36.0,30.0,2.0,1.0,9.0,11.0,21.0,25.0,4.0,,,,,,90.0,50.0,7.4,11.0,2,,,1.0,5.0,3.0,,4.0,2.0,1.0,1.0,,,1.0,3.0,,,1.0,,1.0,,,1.0,,,1.0,1.0,,,1.0
10437221,home,Milton Keynes Dons,Darragh Burns,darragh-burns,D. Burns,M,18,176.0,103,M,1005670,EUR,1023494400,M,20,20,False,28.0,20.0,3.0,1.0,11.0,12.0,9.0,17.0,2.0,,,,,,90.0,48.0,7.6,12.0,6,1.0,,1.0,2.0,8.0,,1.0,1.0,,,2.0,4.0,1.0,,,3.0,,,1.0,,,,,,2.0,3.0,1.0,,
10437221,home,Milton Keynes Dons,Matthew Dennis,matthew-dennis,M. Dennis,F,19,186.0,183,M,1014436,EUR,1018828800,F,30,30,False,10.0,9.0,,,3.0,3.0,6.0,7.0,1.0,,,,,,62.0,18.0,6.8,4.0,4,,,,3.0,1.0,,1.0,,,,2.0,,2.0,2.0,,1.0,,,,,,,,,1.0,1.0,2.0,2.0,
10437221,home,Milton Keynes Dons,Louie Barry,louie-barry,L. Barry,F,27,174.0,726,M,1001937,EUR,1056153600,F,19,19,True,6.0,6.0,1.0,1.0,3.0,3.0,3.0,3.0,2.0,,,,,,28.0,10.0,6.7,1.0,1,,,2.0,4.0,1.0,,1.0,1.0,,,,,1.0,,,,,,,,,1.0,,,1.0,,,,
10437221,home,Milton Keynes Dons,Matthew Smith,smith-matthew,M. Smith,M,8,178.0,78,M,859766,EUR,943228800,M,7,7,True,4.0,4.0,1.0,1.0,2.0,2.0,2.0,2.0,,,,,,,12.0,7.0,7.0,,0,,,,,1.0,,,,1.0,,,,,1.0,,,1.0,,1.0,,,,,,,,,,
10437221,home,Milton Keynes Dons,Brooklyn Ilunga,brooklyn-ilunga,B. Ilunga,M,31,,11,M,1120523,EUR,1069372800,D,25,25,True,,,,,,,,,,,,,,,1.0,,,,0,,,,,,,,,,,,,,,,,,,,Brooklyn Ilunga,,,,,,,,,
10437221,home,Milton Keynes Dons,Franco Ravizzoli,franco-ravizzoli,F. Ravizzoli,G,25,188.0,35,M,1088141,EUR,868406400,G,23,23,True,,,,,,,,,,,,,,,,,,,0,,,,,,,,,,,,,,,,,,,,Franco Ravizzoli,,,,,,,,,
10437221,home,Milton Keynes Dons,Daniel Oyegoke,daniel-oyegoke,D. Oyegoke,D,2,188.0,177,M,998830,EUR,1041552000,D,12,12,True,,,,,,,,,,,,,,,,,,,0,,,,,,,,,,,,,,,,,,,,,,,,,,,,,
10437221,home,Milton Keynes Dons,Callum Tripp,callum-tripp,C. Tripp,D,34,193.0,19,M,1157663,EUR,1156723200,M,34,34,True,,,,,,,,,,,,,,,,,,,0,,,,,,,,,,,,,,,,,,,,Callum Tripp,,,,,,,,,
10437221,home,Milton Keynes Dons,Junior Gyamfi,junior-gyamfi,J. Gyamfi,M,8,183.0,5,M,2223884,EUR,1081641600,M,32,32,True,,,,,,,,,,,,,,,,,,,0,,,,,,,,,,,,,,,,,,,,Junior,Gyamfi,,,,,,,,
10437221,away,Sutton United,Jack Rose,jack-rose,J. Rose,G,,183.0,13,M,770477,EUR,786153600,G,1,1,False,35.0,12.0,35.0,12.0,,1.0,12.0,34.0,9.0,,3.0,6.0,,,90.0,42.0,7.3,24.0,0,,,,,,,,,,,,,,,,,,,,,,,,,,,,,
10437221,away,Sutton United,Joe Kizzi,joe-kizzi,J. Kizzi,D,30,188.0,14,M,922431,EUR,740880000,D,22,22,False,27.0,13.0,4.0,1.0,9.0,13.0,4.0,17.0,2.0,,,,,,90.0,46.0,6.7,24.0,2,3.0,,1.0,3.0,2.0,,,,,,,,1.0,,,2.0,2.0,,2.0,,,1.0,,,1.0,1.0,,1.0,
10437221,away,Sutton United,Coby Rowe,coby-rowe,C. Rowe,D,,194.0,4,M,960337,EUR,812592000,D,4,4,False,10.0,4.0,7.0,1.0,2.0,2.0,2.0,8.0,4.0,,,,,,45.0,12.0,6.2,6.0,0,,,,,,,,,,,,,,,,,1.0,,,,,,,,,,,,
10437221,away,Sutton United,Louis John,louis-john,L. John,D,,190.0,4,M,865668,EUR,766713600,D,6,6,False,27.0,16.0,11.0,3.0,11.0,16.0,5.0,11.0,7.0,,,,,,90.0,37.0,6.6,11.0,0,,,1.0,2.0,6.0,1.0,,,1.0,,,3.0,,,,2.0,3.0,,2.0,,,,,,,,,,
10437221,away,Sutton United,Robert Milsom,robert-milsom,R. Milsom,D,,179.0,4,M,34041,EUR,536544000,D,24,24,False,22.0,16.0,5.0,2.0,5.0,7.0,13.0,19.0,3.0,,,,,,90.0,43.0,7.3,10.0,0,4.0,2.0,1.0,3.0,2.0,1.0,,,2.0,2.0,,,1.0,2.0,,,1.0,3.0,,,,,,,,,,,
10437221,away,Sutton United,Enzio Boldewijn,enzio-boldewijn,E. Boldewijn,M,7,185.0,27,M,152419,EUR,721958400,M,7,7,False,8.0,4.0,1.0,1.0,2.0,3.0,2.0,6.0,2.0,,,,,,77.0,24.0,6.9,10.0,2,1.0,,1.0,5.0,6.0,2.0,3.0,2.0,3.0,,4.0,1.0,1.0,,,,,,1.0,,,,,,1.0,,1.0,,
10437221,away,Sutton United,Alistair Smith,alistair-smith,A. Smith,M,12,187.0,35,M,962649,EUR,927072000,M,8,8,False,24.0,17.0,2.0,,10.0,12.0,8.0,13.0,5.0,,,,,,90.0,35.0,7.0,9.0,3,1.0,1.0,,1.0,1.0,,1.0,,1.0,1.0,1.0,,,1.0,,,,,1.0,,,,,,2.0,1.0,,,
10437221,away,Sutton United,Craig Eastmond,craig-eastmond,C. Eastmond,M,15,180.0,12,M,102622,EUR,660700800,M,15,15,False,12.0,10.0,2.0,,6.0,6.0,4.0,6.0,2.0,,,,,,60.0,23.0,7.0,3.0,0,,,1.0,4.0,6.0,,,,4.0,,,1.0,2.0,,True,1.0,,,3.0,Craig,Eastmond,1.0,,,,,,,
10437221,away,Sutton United,Josh Neufville,josh-neufville,J. Neufville,M,7,183.0,55,M,905787,EUR,957744000,M,20,20,False,13.0,9.0,1.0,1.0,1.0,2.0,8.0,11.0,4.0,,,,,,90.0,26.0,6.4,7.0,0,,,1.0,5.0,5.0,1.0,1.0,,1.0,1.0,,3.0,1.0,2.0,,1.0,,,1.0,,,1.0,,,,,,,
10437221,away,Sutton United,Omar Bugiel,omar-bugiel,O. Bugiel,F,9,185.0,250,M,876464,EUR,780451200,F,9,9,False,23.0,9.0,1.0,,,2.0,9.0,22.0,3.0,,,,,,77.0,37.0,6.8,19.0,0,1.0,,12.0,18.0,9.0,1.0,,,3.0,2.0,3.0,,4.0,,,6.0,,,1.0,,,1.0,,,,,,,
10437221,away,Sutton United,Donovan Wilson,donovan-wilson,D. Wilson,F,10,180.0,15,M,770879,EUR,858297600,F,25,25,False,8.0,5.0,1.0,1.0,1.0,1.0,4.0,7.0,3.0,,,,,,60.0,13.0,6.4,8.0,0,,,3.0,6.0,,,,,,,3.0,,1.0,,,,,,,Donovan,Wilson,2.0,,,,,,,
10437221,away,Sutton United,Jonathan Barden,jonathan-barden,J. Barden,D,,180.0,1,M,797647,EUR,721267200,D,2,2,True,11.0,7.0,4.0,4.0,4.0,6.0,4.0,6.0,6.0,,,,,,45.0,28.0,6.7,12.0,0,1.0,1.0,,1.0,,1.0,,,,,,,,,,,1.0,,,,,,,,,,,,
10437221,away,Sutton United,Harry Beautyman,harry-beautyman,H. Beautyman,M,7,178.0,19,M,93781,EUR,702086400,M,10,10,True,3.0,2.0,,,1.0,2.0,1.0,1.0,1.0,,,,,,30.0,5.0,6.3,1.0,1,,,,3.0,1.0,2.0,,,,,,1.0,1.0,,,,,,,Harry,Beautyman,,,,,,1.0,,
10437221,away,Sutton United,Kylian Kouassi,kylian-kouassi,K. Kouassi,F,20,189.0,46,M,1133297,EUR,1055894400,F,27,27,True,3.0,2.0,,,,,2.0,3.0,1.0,,,,,,30.0,6.0,6.4,4.0,0,,,3.0,4.0,,,,,,,2.0,,,,,,,,,Kylian Kouassi,,1.0,,,,,,,
10437221,away,Sutton United,Luke Gambin,luke-gambin,L. Gambin,M,,168.0,24,M,231670,EUR,732240000,M,21,21,True,2.0,,,,,1.0,,1.0,1.0,,,,,,13.0,5.0,6.6,3.0,1,,,1.0,2.0,1.0,,1.0,,1.0,1.0,,,,,,,,,,Luke,Gambin,,,,,1.0,,,
10437221,away,Sutton United,Kwame Thomas,kwame-thomas,K. Thomas,F,9,190.0,20,M,228843,EUR,812246400,F,39,39,True,10.0,4.0,,,,,4.0,10.0,,,,,,,13.0,13.0,6.6,7.0,1,,,4.0,6.0,3.0,,,,,,1.0,,2.0,,,3.0,,,,Kwame,Thomas,,,,,1.0,,,
10437221,away,Sutton United,Brad House,brad-house,B. House,G,13,,1,M,1093335,EUR,908755200,G,13,13,True,,,,,,,,,,,,,,,,,,,0,,,,,,,,,,,,,,,,,,,,,,,,,,,,,
10437221,away,Sutton United,Tope Fadahunsi,tope-fadahunsi,T. Fadahunsi,D,19,177.0,12,M,1391530,EUR,935798400,F,19,19,True,,,,,,,,,,,,,,,,,,,0,,,,,,,,,,,,,,,,,,,,Tope Fadahunsi,,,,,,,,,
10437221,away,Sutton United,Matt Ridley,matt-ridley,M. Ridley,D,3,195.0,9,M,1392600,EUR,957657600,D,17,17,True,,,,,,,,,,,,,,,,,,,0,,,,,,,,,,,,,,,,,,,,Matt Ridley,,,,,,,,,
10437221,away,Sutton United,Adam Lovatt,adam-lovatt,A. Lovatt,M,,180.0,5,M,872468,EUR,926380800,M,18,18,True,,,,,,,,,,,,,,,,,,,0,,,,,,,,,,,,,,,,,,,,,,,,,,,,,
